{
    "loss": 17.604129791259766,
    "accuracy": 0.5274036526679993
}